trID;oldVer;newVer;Table;EventType;attrName;attrType;iskey;pkey;fkey
1;rev_1.01.sql;rev_1.02.sql;-;-;-;-;-;-;-
2;rev_1.02.sql;rev_1.03.sql;t_file;Insertion:UpdateTable;modificationdate;DATETIME;false;0;-
3;rev_1.03.sql;rev_1.04.sql;t_lookup_request;Deletion:UpdateTable;id;MEDIUMINT;false;0;-
3;rev_1.03.sql;rev_1.04.sql;t_register_request;Deletion:DeleteTable;creationdate;DATETIME;false;0;-
3;rev_1.03.sql;rev_1.04.sql;t_register_request;Deletion:DeleteTable;id;MEDIUMINT;false;0;-
3;rev_1.03.sql;rev_1.04.sql;t_register_request;Deletion:DeleteTable;locked;TINYINT(1);false;0;-
3;rev_1.03.sql;rev_1.04.sql;t_register_request;Deletion:DeleteTable;modificationdate;DATETIME;false;0;-
3;rev_1.03.sql;rev_1.04.sql;t_register_request;Deletion:DeleteTable;pickupdate;DATETIME;false;0;-
3;rev_1.03.sql;rev_1.04.sql;t_register_request;Deletion:DeleteTable;siteid;VARCHAR(20);false;0;-
3;rev_1.03.sql;rev_1.04.sql;t_register_request;Deletion:DeleteTable;state;TINYINT;false;0;-
4;rev_1.04.sql;rev_1.05.sql;-;-;-;-;-;-;-
5;rev_1.05.sql;rev_1.06.sql;-;-;-;-;-;-;-
6;rev_1.06.sql;rev_1.07.sql;t_subscription;Insertion:UpdateTable;queuedsources;TEXT;false;0;-
7;rev_1.07.sql;rev_1.08.sql;-;-;-;-;-;-;-
8;rev_1.08.sql;rev_1.09.sql;t_subscription;Deletion:DeleteTable;activevuid;VARCHAR(36);false;0;-
8;rev_1.08.sql;rev_1.09.sql;t_subscription;Deletion:DeleteTable;archival;TINYINT(1);false;0;-
8;rev_1.08.sql;rev_1.09.sql;t_subscription;Deletion:DeleteTable;callbacks;TEXT;false;0;-
8;rev_1.08.sql;rev_1.09.sql;t_subscription;Deletion:DeleteTable;cancelled;TINYINT(1);false;0;-
8;rev_1.08.sql;rev_1.09.sql;t_subscription;Deletion:DeleteTable;contenttimestamp;VARCHAR(50);false;0;-
8;rev_1.08.sql;rev_1.09.sql;t_subscription;Deletion:DeleteTable;creationdate;DATETIME;false;0;-
8;rev_1.08.sql;rev_1.09.sql;t_subscription;Deletion:DeleteTable;datasetowner;VARCHAR(1024);false;0;-
8;rev_1.08.sql;rev_1.09.sql;t_subscription;Deletion:DeleteTable;datasetstate;TINYINT;false;0;-
8;rev_1.08.sql;rev_1.09.sql;t_subscription;Deletion:DeleteTable;destination;VARCHAR(1024);false;0;-
8;rev_1.08.sql;rev_1.09.sql;t_subscription;Deletion:DeleteTable;dsn;VARCHAR(512);false;0;-
8;rev_1.08.sql;rev_1.09.sql;t_subscription;Deletion:DeleteTable;duid;VARCHAR(36);false;0;-
8;rev_1.08.sql;rev_1.09.sql;t_subscription;Deletion:DeleteTable;holdfiles;TINYINT(1);false;0;-
8;rev_1.08.sql;rev_1.09.sql;t_subscription;Deletion:DeleteTable;immutable;TINYINT(1);false;0;-
8;rev_1.08.sql;rev_1.09.sql;t_subscription;Deletion:DeleteTable;locked;TINYINT(1);false;0;-
8;rev_1.08.sql;rev_1.09.sql;t_subscription;Deletion:DeleteTable;markedcomplete;TINYINT(1);false;0;-
8;rev_1.08.sql;rev_1.09.sql;t_subscription;Deletion:DeleteTable;markedincomplete;TINYINT(1);false;0;-
8;rev_1.08.sql;rev_1.09.sql;t_subscription;Deletion:DeleteTable;modificationdate;DATETIME;false;0;-
8;rev_1.08.sql;rev_1.09.sql;t_subscription;Deletion:DeleteTable;pickupdate;DATETIME;false;0;-
8;rev_1.08.sql;rev_1.09.sql;t_subscription;Deletion:DeleteTable;previousvuids;TEXT;false;0;-
8;rev_1.08.sql;rev_1.09.sql;t_subscription;Deletion:DeleteTable;publishdate;DATETIME;false;0;-
8;rev_1.08.sql;rev_1.09.sql;t_subscription;Deletion:DeleteTable;querymoresources;TINYINT(1);false;0;-
8;rev_1.08.sql;rev_1.09.sql;t_subscription;Deletion:DeleteTable;queuedsources;TEXT;false;0;-
8;rev_1.08.sql;rev_1.09.sql;t_subscription;Deletion:DeleteTable;siteid;VARCHAR(20);false;0;-
8;rev_1.08.sql;rev_1.09.sql;t_subscription;Deletion:DeleteTable;sources;TEXT;false;0;-
8;rev_1.08.sql;rev_1.09.sql;t_subscription;Deletion:DeleteTable;sourcespolicy;MEDIUMINT;false;0;-
8;rev_1.08.sql;rev_1.09.sql;t_subscription;Deletion:DeleteTable;sshare;VARCHAR(36);false;0;-
8;rev_1.08.sql;rev_1.09.sql;t_subscription;Deletion:DeleteTable;state;TINYINT;false;0;-
8;rev_1.08.sql;rev_1.09.sql;t_subscription;Deletion:DeleteTable;subscriptionowner;VARCHAR(1024);false;0;-
8;rev_1.08.sql;rev_1.09.sql;t_subscription;Deletion:DeleteTable;timestamp;VARCHAR(50);false;0;-
8;rev_1.08.sql;rev_1.09.sql;t_subscription;Deletion:DeleteTable;uid;VARCHAR(36);false;0;-
8;rev_1.08.sql;rev_1.09.sql;t_subscription;Deletion:DeleteTable;version;TINYINT;false;0;-
8;rev_1.08.sql;rev_1.09.sql;t_subscription;Deletion:DeleteTable;vuid;VARCHAR(36);false;0;-
8;rev_1.08.sql;rev_1.09.sql;t_subscription;Deletion:DeleteTable;waitforsources;TINYINT(1);false;0;-
8;rev_1.08.sql;rev_1.09.sql;t_subscription_file;Deletion:DeleteTable;guid;VARCHAR(36);false;0;-
8;rev_1.08.sql;rev_1.09.sql;t_subscription_file;Deletion:DeleteTable;siteid;VARCHAR(20);false;0;-
8;rev_1.08.sql;rev_1.09.sql;t_subscription_file;Deletion:DeleteTable;uid;VARCHAR(36);false;0;-
9;rev_1.09.sql;rev_1.10.sql;t_subscription;Insertion:NewTable;activevuid;VARCHAR(36);false;0;-
9;rev_1.09.sql;rev_1.10.sql;t_subscription;Insertion:NewTable;archival;TINYINT(1);false;0;-
9;rev_1.09.sql;rev_1.10.sql;t_subscription;Insertion:NewTable;callbacks;TEXT;false;0;-
9;rev_1.09.sql;rev_1.10.sql;t_subscription;Insertion:NewTable;cancelled;TINYINT(1);false;0;-
9;rev_1.09.sql;rev_1.10.sql;t_subscription;Insertion:NewTable;contenttimestamp;VARCHAR(50);false;0;-
9;rev_1.09.sql;rev_1.10.sql;t_subscription;Insertion:NewTable;creationdate;DATETIME;false;0;-
9;rev_1.09.sql;rev_1.10.sql;t_subscription;Insertion:NewTable;datasetowner;VARCHAR(1024);false;0;-
9;rev_1.09.sql;rev_1.10.sql;t_subscription;Insertion:NewTable;datasetstate;TINYINT;false;0;-
9;rev_1.09.sql;rev_1.10.sql;t_subscription;Insertion:NewTable;destination;VARCHAR(1024);false;0;-
9;rev_1.09.sql;rev_1.10.sql;t_subscription;Insertion:NewTable;dsn;VARCHAR(512);false;0;-
9;rev_1.09.sql;rev_1.10.sql;t_subscription;Insertion:NewTable;duid;VARCHAR(36);false;0;-
9;rev_1.09.sql;rev_1.10.sql;t_subscription;Insertion:NewTable;holdfiles;TINYINT(1);false;0;-
9;rev_1.09.sql;rev_1.10.sql;t_subscription;Insertion:NewTable;immutable;TINYINT(1);false;0;-
9;rev_1.09.sql;rev_1.10.sql;t_subscription;Insertion:NewTable;locked;TINYINT(1);false;0;-
9;rev_1.09.sql;rev_1.10.sql;t_subscription;Insertion:NewTable;markedcomplete;TINYINT(1);false;0;-
9;rev_1.09.sql;rev_1.10.sql;t_subscription;Insertion:NewTable;markedincomplete;TINYINT(1);false;0;-
9;rev_1.09.sql;rev_1.10.sql;t_subscription;Insertion:NewTable;modificationdate;DATETIME;false;0;-
9;rev_1.09.sql;rev_1.10.sql;t_subscription;Insertion:NewTable;pickupdate;DATETIME;false;0;-
9;rev_1.09.sql;rev_1.10.sql;t_subscription;Insertion:NewTable;previousvuids;TEXT;false;0;-
9;rev_1.09.sql;rev_1.10.sql;t_subscription;Insertion:NewTable;publishdate;DATETIME;false;0;-
9;rev_1.09.sql;rev_1.10.sql;t_subscription;Insertion:NewTable;querymoresources;TINYINT(1);false;0;-
9;rev_1.09.sql;rev_1.10.sql;t_subscription;Insertion:NewTable;queuedsources;TEXT;false;0;-
9;rev_1.09.sql;rev_1.10.sql;t_subscription;Insertion:NewTable;siteid;VARCHAR(20);false;0;-
9;rev_1.09.sql;rev_1.10.sql;t_subscription;Insertion:NewTable;sources;TEXT;false;0;-
9;rev_1.09.sql;rev_1.10.sql;t_subscription;Insertion:NewTable;sourcespolicy;MEDIUMINT;false;0;-
9;rev_1.09.sql;rev_1.10.sql;t_subscription;Insertion:NewTable;sshare;VARCHAR(36);false;0;-
9;rev_1.09.sql;rev_1.10.sql;t_subscription;Insertion:NewTable;state;TINYINT;false;0;-
9;rev_1.09.sql;rev_1.10.sql;t_subscription;Insertion:NewTable;subscriptionowner;VARCHAR(1024);false;0;-
9;rev_1.09.sql;rev_1.10.sql;t_subscription;Insertion:NewTable;timestamp;VARCHAR(50);false;0;-
9;rev_1.09.sql;rev_1.10.sql;t_subscription;Insertion:NewTable;uid;VARCHAR(36);false;0;-
9;rev_1.09.sql;rev_1.10.sql;t_subscription;Insertion:NewTable;version;TINYINT;false;0;-
9;rev_1.09.sql;rev_1.10.sql;t_subscription;Insertion:NewTable;vuid;VARCHAR(36);false;0;-
9;rev_1.09.sql;rev_1.10.sql;t_subscription;Insertion:NewTable;waitforsources;TINYINT(1);false;0;-
9;rev_1.09.sql;rev_1.10.sql;t_subscription_file;Insertion:NewTable;guid;VARCHAR(36);false;0;-
9;rev_1.09.sql;rev_1.10.sql;t_subscription_file;Insertion:NewTable;siteid;VARCHAR(20);false;0;-
9;rev_1.09.sql;rev_1.10.sql;t_subscription_file;Insertion:NewTable;uid;VARCHAR(36);false;0;-
10;rev_1.10.sql;rev_1.11.sql;t_file;Insertion:UpdateTable;allocationattemptnr;INT;false;0;-
11;rev_1.11.sql;rev_1.12.sql;t_file;Insertion:UpdateTable;counter;BIGINT(4);false;0;-
12;rev_1.12.sql;rev_1.13.sql;-;-;-;-;-;-;-
13;rev_1.13.sql;rev_1.14.sql;t_active_transfer;Insertion:NewTable;counter;BIGINT(4);false;0;-
13;rev_1.13.sql;rev_1.14.sql;t_active_transfer;Insertion:NewTable;siteid;VARCHAR(20);false;0;-
13;rev_1.13.sql;rev_1.14.sql;t_active_transfer;Insertion:NewTable;sourcesiteid;VARCHAR(20);false;0;-
13;rev_1.13.sql;rev_1.14.sql;t_active_transfer;Insertion:NewTable;sshare;VARCHAR(36);false;0;-
13;rev_1.13.sql;rev_1.14.sql;t_site_source;Insertion:NewTable;counter;BIGINT(4);false;0;-
13;rev_1.13.sql;rev_1.14.sql;t_site_source;Insertion:NewTable;siteid;VARCHAR(20);false;0;-
13;rev_1.13.sql;rev_1.14.sql;t_site_source;Insertion:NewTable;sourcesiteid;VARCHAR(20);false;0;-
14;rev_1.14.sql;rev_1.15.sql;-;-;-;-;-;-;-
15;rev_1.15.sql;rev_1.16.sql;-;-;-;-;-;-;-
16;rev_1.16.sql;rev_1.17.sql;-;-;-;-;-;-;-
17;rev_1.17.sql;rev_1.18.sql;-;-;-;-;-;-;-
18;rev_1.18.sql;rev_1.19.sql;-;-;-;-;-;-;-
19;rev_1.19.sql;rev_1.20.sql;t_source_file;Update:TypeChange;lookupattemptnr;UNSIGNEDSMALLINT;false;0;-
19;rev_1.19.sql;rev_1.20.sql;t_source_file;Update:TypeChange;transferattemptnr;UNSIGNEDSMALLINT;false;0;-
19;rev_1.19.sql;rev_1.20.sql;t_subscription;Update:TypeChange;version;UNSIGNEDSMALLINT;false;0;-
20;rev_1.20.sql;rev_1.21.sql;t_source_file;Update:TypeChange;lookupattemptnr;SMALLINT;false;0;-
20;rev_1.20.sql;rev_1.21.sql;t_source_file;Update:TypeChange;transferattemptnr;SMALLINT;false;0;-
20;rev_1.20.sql;rev_1.21.sql;t_subscription;Update:TypeChange;version;SMALLINT;false;0;-
21;rev_1.21.sql;rev_1.22.sql;-;-;-;-;-;-;-
22;rev_1.22.sql;rev_1.23.sql;-;-;-;-;-;-;-
23;rev_1.23.sql;rev_1.24.sql;-;-;-;-;-;-;-
24;rev_1.24.sql;rev_1.25.sql;t_subscription;Insertion:UpdateTable;hasavailablefiles;TINYINT(1);false;0;-
24;rev_1.24.sql;rev_1.25.sql;t_subscription;Insertion:UpdateTable;hasdonefiles;TINYINT(1);false;0;-
24;rev_1.24.sql;rev_1.25.sql;t_subscription;Insertion:UpdateTable;hasholdfiles;TINYINT(1);false;0;-
24;rev_1.24.sql;rev_1.25.sql;t_subscription;Deletion:UpdateTable;holdfiles;TINYINT(1);false;0;-
25;rev_1.25.sql;rev_1.26.sql;-;-;-;-;-;-;-
26;rev_1.26.sql;rev_1.27.sql;t_fsize_distribution;Insertion:NewTable;counter;BIGINT(4);false;0;-
26;rev_1.26.sql;rev_1.27.sql;t_fsize_distribution;Insertion:NewTable;fsize;VARCHAR(30);false;0;-
26;rev_1.26.sql;rev_1.27.sql;t_fsize_distribution;Insertion:NewTable;siteid;VARCHAR(20);false;0;-
27;rev_1.27.sql;rev_1.28.sql;-;-;-;-;-;-;-
28;rev_1.28.sql;rev_1.29.sql;-;-;-;-;-;-;-
29;rev_1.29.sql;rev_1.30.sql;-;-;-;-;-;-;-
30;rev_1.30.sql;rev_1.31.sql;-;-;-;-;-;-;-
31;rev_1.31.sql;rev_1.32.sql;schema_version;Insertion:UpdateTable;installationdate;DATETIME;false;0;-
32;rev_1.32.sql;rev_1.33.sql;-;-;-;-;-;-;-
33;rev_1.33.sql;rev_1.34.sql;-;-;-;-;-;-;-
34;rev_1.34.sql;rev_1.35.sql;t_source_file;Insertion:UpdateTable;waitforsources;TINYINT(1);false;0;-
35;rev_1.35.sql;rev_1.36.sql;t_active_transfer;Update:TypeChange;counter;MEDIUMINT;false;0;-
35;rev_1.35.sql;rev_1.36.sql;t_agent;Update:TypeChange;stop;BIT;false;0;-
35;rev_1.35.sql;rev_1.36.sql;t_file;Update:TypeChange;active;BIT;false;0;-
35;rev_1.35.sql;rev_1.36.sql;t_file;Update:TypeChange;archival;BIT;false;0;-
35;rev_1.35.sql;rev_1.36.sql;t_file;Update:TypeChange;available;BIT;false;0;-
35;rev_1.35.sql;rev_1.36.sql;t_file;Update:TypeChange;counter;MEDIUMINT;false;0;-
35;rev_1.35.sql;rev_1.36.sql;t_file;Update:TypeChange;querymoresources;BIT;false;0;-
35;rev_1.35.sql;rev_1.36.sql;t_file;Update:TypeChange;transfersucceeded;BIT;false;0;-
35;rev_1.35.sql;rev_1.36.sql;t_file;Update:TypeChange;waitforsources;BIT;false;0;-
35;rev_1.35.sql;rev_1.36.sql;t_fsize_distribution;Update:TypeChange;counter;MEDIUMINT;false;0;-
35;rev_1.35.sql;rev_1.36.sql;t_lookup_request;Update:TypeChange;locked;BIT;false;0;-
35;rev_1.35.sql;rev_1.36.sql;t_site_source;Update:TypeChange;counter;MEDIUMINT;false;0;-
35;rev_1.35.sql;rev_1.36.sql;t_source_file;Update:TypeChange;waitforsources;BIT;false;0;-
35;rev_1.35.sql;rev_1.36.sql;t_subscription;Update:TypeChange;archival;BIT;false;0;-
35;rev_1.35.sql;rev_1.36.sql;t_subscription;Update:TypeChange;cancelled;BIT;false;0;-
35;rev_1.35.sql;rev_1.36.sql;t_subscription;Update:TypeChange;hasavailablefiles;BIT;false;0;-
35;rev_1.35.sql;rev_1.36.sql;t_subscription;Update:TypeChange;hasdonefiles;BIT;false;0;-
35;rev_1.35.sql;rev_1.36.sql;t_subscription;Update:TypeChange;hasholdfiles;BIT;false;0;-
35;rev_1.35.sql;rev_1.36.sql;t_subscription;Update:TypeChange;immutable;BIT;false;0;-
35;rev_1.35.sql;rev_1.36.sql;t_subscription;Update:TypeChange;locked;BIT;false;0;-
35;rev_1.35.sql;rev_1.36.sql;t_subscription;Update:TypeChange;markedcomplete;BIT;false;0;-
35;rev_1.35.sql;rev_1.36.sql;t_subscription;Update:TypeChange;markedincomplete;BIT;false;0;-
35;rev_1.35.sql;rev_1.36.sql;t_subscription;Update:TypeChange;querymoresources;BIT;false;0;-
35;rev_1.35.sql;rev_1.36.sql;t_subscription;Update:TypeChange;waitforsources;BIT;false;0;-
35;rev_1.35.sql;rev_1.36.sql;t_transfer_request;Update:TypeChange;locked;BIT;false;0;-
36;rev_1.36.sql;rev_1.37.sql;t_agent;Update:TypeChange;stop;TINYINT(1);false;0;-
36;rev_1.36.sql;rev_1.37.sql;t_file;Update:TypeChange;active;TINYINT(1);false;0;-
36;rev_1.36.sql;rev_1.37.sql;t_file;Update:TypeChange;archival;TINYINT(1);false;0;-
36;rev_1.36.sql;rev_1.37.sql;t_file;Update:TypeChange;attemptnr;MEDIUMINT;false;0;-
36;rev_1.36.sql;rev_1.37.sql;t_file;Update:TypeChange;available;TINYINT(1);false;0;-
36;rev_1.36.sql;rev_1.37.sql;t_file;Update:TypeChange;querymoresources;TINYINT(1);false;0;-
36;rev_1.36.sql;rev_1.37.sql;t_file;Update:TypeChange;transfersucceeded;TINYINT(1);false;0;-
36;rev_1.36.sql;rev_1.37.sql;t_file;Update:TypeChange;waitforsources;TINYINT(1);false;0;-
36;rev_1.36.sql;rev_1.37.sql;t_lookup_request;Update:TypeChange;locked;TINYINT(1);false;0;-
36;rev_1.36.sql;rev_1.37.sql;t_source_file;Update:TypeChange;waitforsources;TINYINT(1);false;0;-
36;rev_1.36.sql;rev_1.37.sql;t_subscription;Update:TypeChange;archival;TINYINT(1);false;0;-
36;rev_1.36.sql;rev_1.37.sql;t_subscription;Update:TypeChange;cancelled;TINYINT(1);false;0;-
36;rev_1.36.sql;rev_1.37.sql;t_subscription;Update:TypeChange;hasavailablefiles;TINYINT(1);false;0;-
36;rev_1.36.sql;rev_1.37.sql;t_subscription;Update:TypeChange;hasdonefiles;TINYINT(1);false;0;-
36;rev_1.36.sql;rev_1.37.sql;t_subscription;Update:TypeChange;hasholdfiles;TINYINT(1);false;0;-
36;rev_1.36.sql;rev_1.37.sql;t_subscription;Update:TypeChange;immutable;TINYINT(1);false;0;-
36;rev_1.36.sql;rev_1.37.sql;t_subscription;Update:TypeChange;locked;TINYINT(1);false;0;-
36;rev_1.36.sql;rev_1.37.sql;t_subscription;Update:TypeChange;markedcomplete;TINYINT(1);false;0;-
36;rev_1.36.sql;rev_1.37.sql;t_subscription;Update:TypeChange;markedincomplete;TINYINT(1);false;0;-
36;rev_1.36.sql;rev_1.37.sql;t_subscription;Update:TypeChange;querymoresources;TINYINT(1);false;0;-
36;rev_1.36.sql;rev_1.37.sql;t_subscription;Update:TypeChange;waitforsources;TINYINT(1);false;0;-
36;rev_1.36.sql;rev_1.37.sql;t_transfer_request;Update:TypeChange;locked;TINYINT(1);false;0;-
37;rev_1.37.sql;rev_1.38.sql;t_subscription_file;Insertion:UpdateTable;creationdate;DATETIME;false;0;-
38;rev_1.38.sql;rev_1.39.sql;-;-;-;-;-;-;-
39;rev_1.39.sql;rev_1.40.sql;t_file;Insertion:UpdateTable;destbasepath;VARCHAR(1024);false;0;-
39;rev_1.39.sql;rev_1.40.sql;t_transfer_request;Insertion:UpdateTable;transferparameters;VARCHAR(1024);false;0;-
40;rev_1.40.sql;rev_1.41.sql;t_transfer_request;Insertion:UpdateTable;sourcesiteid;VARCHAR(20);false;0;-
41;rev_1.41.sql;rev_1.42.0.sql;t_fsize_distribution;Deletion:DeleteTable;counter;MEDIUMINT;false;0;-
41;rev_1.41.sql;rev_1.42.0.sql;t_fsize_distribution;Deletion:DeleteTable;fsize;VARCHAR(30);false;0;-
41;rev_1.41.sql;rev_1.42.0.sql;t_fsize_distribution;Deletion:DeleteTable;siteid;VARCHAR(20);false;0;-
41;rev_1.41.sql;rev_1.42.0.sql;t_site_source;Insertion:UpdateTable;sshare;VARCHAR(36);false;0;-
42;rev_1.42.0.sql;rev_1.42.2.1.sql;t_active_transfer;Update:TypeChange;siteid;VARCHAR(50);false;0;-
42;rev_1.42.0.sql;rev_1.42.2.1.sql;t_active_transfer;Update:TypeChange;sourcesiteid;VARCHAR(50);false;0;-
42;rev_1.42.0.sql;rev_1.42.2.1.sql;t_file;Update:TypeChange;siteid;VARCHAR(50);false;0;-
42;rev_1.42.0.sql;rev_1.42.2.1.sql;t_file;Update:TypeChange;sourcesiteid;VARCHAR(50);false;0;-
42;rev_1.42.0.sql;rev_1.42.2.1.sql;t_lookup_request;Update:TypeChange;siteid;VARCHAR(50);false;0;-
42;rev_1.42.0.sql;rev_1.42.2.1.sql;t_site_source;Update:TypeChange;siteid;VARCHAR(50);false;0;-
42;rev_1.42.0.sql;rev_1.42.2.1.sql;t_site_source;Update:TypeChange;sourcesiteid;VARCHAR(50);false;0;-
42;rev_1.42.0.sql;rev_1.42.2.1.sql;t_source_file;Update:TypeChange;siteid;VARCHAR(50);false;0;-
42;rev_1.42.0.sql;rev_1.42.2.1.sql;t_subscription;Update:TypeChange;siteid;VARCHAR(50);false;0;-
42;rev_1.42.0.sql;rev_1.42.2.1.sql;t_subscription_file;Update:TypeChange;siteid;VARCHAR(50);false;0;-
42;rev_1.42.0.sql;rev_1.42.2.1.sql;t_transfer_request;Update:TypeChange;siteid;VARCHAR(50);false;0;-
42;rev_1.42.0.sql;rev_1.42.2.1.sql;t_transfer_request;Update:TypeChange;sourcesiteid;VARCHAR(50);false;0;-
43;rev_1.42.2.1.sql;rev_1.43.sql;t_active_transfer;Deletion:DeleteTable;counter;MEDIUMINT;false;0;-
43;rev_1.42.2.1.sql;rev_1.43.sql;t_active_transfer;Deletion:DeleteTable;siteid;VARCHAR(50);false;0;-
43;rev_1.42.2.1.sql;rev_1.43.sql;t_active_transfer;Deletion:DeleteTable;sourcesiteid;VARCHAR(50);false;0;-
43;rev_1.42.2.1.sql;rev_1.43.sql;t_active_transfer;Deletion:DeleteTable;sshare;VARCHAR(36);false;0;-
43;rev_1.42.2.1.sql;rev_1.43.sql;t_bad_file;Insertion:NewTable;creationdate;DATETIME;false;0;-
43;rev_1.42.2.1.sql;rev_1.43.sql;t_bad_file;Insertion:NewTable;guid;VARCHAR(36);false;0;-
43;rev_1.42.2.1.sql;rev_1.43.sql;t_bad_file;Insertion:NewTable;siteid;VARCHAR(50);false;0;-
43;rev_1.42.2.1.sql;rev_1.43.sql;t_bad_file;Insertion:NewTable;surl;VARCHAR(1024);false;0;-
43;rev_1.42.2.1.sql;rev_1.43.sql;t_bad_transfer;Insertion:NewTable;attemptnr;MEDIUMINT;false;0;-
43;rev_1.42.2.1.sql;rev_1.43.sql;t_bad_transfer;Insertion:NewTable;creationdate;DATETIME;false;0;-
43;rev_1.42.2.1.sql;rev_1.43.sql;t_bad_transfer;Insertion:NewTable;destination;VARCHAR(50);false;0;-
43;rev_1.42.2.1.sql;rev_1.43.sql;t_bad_transfer;Insertion:NewTable;guid;VARCHAR(36);false;0;-
43;rev_1.42.2.1.sql;rev_1.43.sql;t_bad_transfer;Insertion:NewTable;modificationdate;DATETIME;false;0;-
43;rev_1.42.2.1.sql;rev_1.43.sql;t_bad_transfer;Insertion:NewTable;source;VARCHAR(50);false;0;-
43;rev_1.42.2.1.sql;rev_1.43.sql;t_blacklist;Insertion:NewTable;blacklisted;TINYINT(1);false;0;-
43;rev_1.42.2.1.sql;rev_1.43.sql;t_blacklist;Insertion:NewTable;destination;VARCHAR(50);false;0;-
43;rev_1.42.2.1.sql;rev_1.43.sql;t_blacklist;Insertion:NewTable;id;MEDIUMINT;false;0;-
43;rev_1.42.2.1.sql;rev_1.43.sql;t_blacklist;Insertion:NewTable;source;VARCHAR(50);false;0;-
43;rev_1.42.2.1.sql;rev_1.43.sql;t_callback;Insertion:NewTable;attemptnr;MEDIUMINT;false;0;-
43;rev_1.42.2.1.sql;rev_1.43.sql;t_callback;Insertion:NewTable;creationdate;DATETIME;false;0;-
43;rev_1.42.2.1.sql;rev_1.43.sql;t_callback;Insertion:NewTable;event;BLOB;false;0;-
43;rev_1.42.2.1.sql;rev_1.43.sql;t_callback;Insertion:NewTable;host;VARCHAR(50);false;0;-
43;rev_1.42.2.1.sql;rev_1.43.sql;t_callback;Insertion:NewTable;id;MEDIUMINT;false;0;-
43;rev_1.42.2.1.sql;rev_1.43.sql;t_callback;Insertion:NewTable;protocol;VARCHAR(10);false;0;-
43;rev_1.42.2.1.sql;rev_1.43.sql;t_callback;Insertion:NewTable;url;VARCHAR(255);false;0;-
43;rev_1.42.2.1.sql;rev_1.43.sql;t_callback_entry;Deletion:DeleteTable;attemptnr;MEDIUMINT;false;0;-
43;rev_1.42.2.1.sql;rev_1.43.sql;t_callback_entry;Deletion:DeleteTable;creationdate;DATETIME;false;0;-
43;rev_1.42.2.1.sql;rev_1.43.sql;t_callback_entry;Deletion:DeleteTable;event;MEDIUMTEXT;false;0;-
43;rev_1.42.2.1.sql;rev_1.43.sql;t_callback_entry;Deletion:DeleteTable;id;MEDIUMINT;false;0;-
43;rev_1.42.2.1.sql;rev_1.43.sql;t_callback_entry;Deletion:DeleteTable;lastattemptdate;DATETIME;false;0;-
43;rev_1.42.2.1.sql;rev_1.43.sql;t_callback_entry;Deletion:DeleteTable;type;VARCHAR(36);false;0;-
43;rev_1.42.2.1.sql;rev_1.43.sql;t_callback_entry;Deletion:DeleteTable;url;VARCHAR(255);false;0;-
43;rev_1.42.2.1.sql;rev_1.43.sql;t_file;Deletion:UpdateTable;allocationattemptnr;INT;false;0;-
43;rev_1.42.2.1.sql;rev_1.43.sql;t_file;Deletion:UpdateTable;available;TINYINT(1);false;0;-
43;rev_1.42.2.1.sql;rev_1.43.sql;t_file;Deletion:UpdateTable;holdreason;TEXT;false;0;-
43;rev_1.42.2.1.sql;rev_1.43.sql;t_file;Deletion:UpdateTable;holdstate;TINYINT;false;0;-
43;rev_1.42.2.1.sql;rev_1.43.sql;t_file;Deletion:UpdateTable;querymoresources;TINYINT(1);false;0;-
43;rev_1.42.2.1.sql;rev_1.43.sql;t_file;Deletion:UpdateTable;sshare;VARCHAR(36);false;0;-
43;rev_1.42.2.1.sql;rev_1.43.sql;t_file;Deletion:UpdateTable;transferid;VARCHAR(36);false;0;-
43;rev_1.42.2.1.sql;rev_1.43.sql;t_file;Deletion:UpdateTable;transferstate;TINYINT;false;0;-
43;rev_1.42.2.1.sql;rev_1.43.sql;t_file;Deletion:UpdateTable;waitforsources;TINYINT(1);false;0;-
43;rev_1.42.2.1.sql;rev_1.43.sql;t_file;Insertion:UpdateTable;share;VARCHAR(36);false;0;-
43;rev_1.42.2.1.sql;rev_1.43.sql;t_lookup_request;Deletion:DeleteTable;creationdate;DATETIME;false;0;-
43;rev_1.42.2.1.sql;rev_1.43.sql;t_lookup_request;Deletion:DeleteTable;locked;TINYINT(1);false;0;-
43;rev_1.42.2.1.sql;rev_1.43.sql;t_lookup_request;Deletion:DeleteTable;modificationdate;DATETIME;false;0;-
43;rev_1.42.2.1.sql;rev_1.43.sql;t_lookup_request;Deletion:DeleteTable;pickupdate;DATETIME;false;0;-
43;rev_1.42.2.1.sql;rev_1.43.sql;t_lookup_request;Deletion:DeleteTable;siteid;VARCHAR(50);false;0;-
43;rev_1.42.2.1.sql;rev_1.43.sql;t_lookup_request;Deletion:DeleteTable;state;TINYINT;false;0;-
43;rev_1.42.2.1.sql;rev_1.43.sql;t_nr_callbacks;Insertion:NewTable;counter;MEDIUMINT;false;0;-
43;rev_1.42.2.1.sql;rev_1.43.sql;t_nr_callbacks;Insertion:NewTable;host;VARCHAR(50);false;0;-
43;rev_1.42.2.1.sql;rev_1.43.sql;t_nr_callbacks;Insertion:NewTable;protocol;VARCHAR(10);false;0;-
43;rev_1.42.2.1.sql;rev_1.43.sql;t_nr_files_in_queue;Insertion:NewTable;counter;MEDIUMINT;false;0;-
43;rev_1.42.2.1.sql;rev_1.43.sql;t_nr_files_in_queue;Insertion:NewTable;destination;VARCHAR(50);false;0;-
43;rev_1.42.2.1.sql;rev_1.43.sql;t_nr_files_in_queue;Insertion:NewTable;share;VARCHAR(36);false;0;-
43;rev_1.42.2.1.sql;rev_1.43.sql;t_nr_files_in_queue;Insertion:NewTable;source;VARCHAR(50);false;0;-
43;rev_1.42.2.1.sql;rev_1.43.sql;t_nr_files_in_transfer;Insertion:NewTable;counter;MEDIUMINT;false;0;-
43;rev_1.42.2.1.sql;rev_1.43.sql;t_nr_files_in_transfer;Insertion:NewTable;destination;VARCHAR(50);false;0;-
43;rev_1.42.2.1.sql;rev_1.43.sql;t_nr_files_in_transfer;Insertion:NewTable;share;VARCHAR(36);false;0;-
43;rev_1.42.2.1.sql;rev_1.43.sql;t_nr_files_in_transfer;Insertion:NewTable;source;VARCHAR(50);false;0;-
43;rev_1.42.2.1.sql;rev_1.43.sql;t_nr_requests_to_poll;Insertion:NewTable;counter;MEDIUMINT;false;0;-
43;rev_1.42.2.1.sql;rev_1.43.sql;t_nr_requests_to_poll;Insertion:NewTable;destination;VARCHAR(50);false;0;-
43;rev_1.42.2.1.sql;rev_1.43.sql;t_nr_requests_to_poll;Insertion:NewTable;source;VARCHAR(50);false;0;-
43;rev_1.42.2.1.sql;rev_1.43.sql;t_nr_requests_to_submit;Insertion:NewTable;counter;MEDIUMINT;false;0;-
43;rev_1.42.2.1.sql;rev_1.43.sql;t_nr_requests_to_submit;Insertion:NewTable;destination;VARCHAR(50);false;0;-
43;rev_1.42.2.1.sql;rev_1.43.sql;t_nr_requests_to_submit;Insertion:NewTable;source;VARCHAR(50);false;0;-
43;rev_1.42.2.1.sql;rev_1.43.sql;t_site_source;Deletion:DeleteTable;counter;MEDIUMINT;false;0;-
43;rev_1.42.2.1.sql;rev_1.43.sql;t_site_source;Deletion:DeleteTable;siteid;VARCHAR(50);false;0;-
43;rev_1.42.2.1.sql;rev_1.43.sql;t_site_source;Deletion:DeleteTable;sourcesiteid;VARCHAR(50);false;0;-
43;rev_1.42.2.1.sql;rev_1.43.sql;t_site_source;Deletion:DeleteTable;sshare;VARCHAR(36);false;0;-
43;rev_1.42.2.1.sql;rev_1.43.sql;t_source_file;Deletion:DeleteTable;checksum;VARCHAR(100);false;0;-
43;rev_1.42.2.1.sql;rev_1.43.sql;t_source_file;Deletion:DeleteTable;creationdate;DATETIME;false;0;-
43;rev_1.42.2.1.sql;rev_1.43.sql;t_source_file;Deletion:DeleteTable;fsize;BIGINT;false;0;-
43;rev_1.42.2.1.sql;rev_1.43.sql;t_source_file;Deletion:DeleteTable;guid;VARCHAR(36);false;0;-
43;rev_1.42.2.1.sql;rev_1.43.sql;t_source_file;Deletion:DeleteTable;lfn;VARCHAR(512);false;0;-
43;rev_1.42.2.1.sql;rev_1.43.sql;t_source_file;Deletion:DeleteTable;lookupattemptnr;SMALLINT;false;0;-
43;rev_1.42.2.1.sql;rev_1.43.sql;t_source_file;Deletion:DeleteTable;pickupdate;DATETIME;false;0;-
43;rev_1.42.2.1.sql;rev_1.43.sql;t_source_file;Deletion:DeleteTable;siteid;VARCHAR(50);false;0;-
43;rev_1.42.2.1.sql;rev_1.43.sql;t_source_file;Deletion:DeleteTable;state;TINYINT;false;0;-
43;rev_1.42.2.1.sql;rev_1.43.sql;t_source_file;Deletion:DeleteTable;surl;VARCHAR(1024);false;0;-
43;rev_1.42.2.1.sql;rev_1.43.sql;t_source_file;Deletion:DeleteTable;transferattemptnr;SMALLINT;false;0;-
43;rev_1.42.2.1.sql;rev_1.43.sql;t_source_file;Deletion:DeleteTable;waitforsources;TINYINT(1);false;0;-
43;rev_1.42.2.1.sql;rev_1.43.sql;t_subscription;Deletion:UpdateTable;activevuid;VARCHAR(36);false;0;-
43;rev_1.42.2.1.sql;rev_1.43.sql;t_subscription;Deletion:UpdateTable;archival;TINYINT(1);false;0;-
43;rev_1.42.2.1.sql;rev_1.43.sql;t_subscription;Deletion:UpdateTable;callbacks;TEXT;false;0;-
43;rev_1.42.2.1.sql;rev_1.43.sql;t_subscription;Deletion:UpdateTable;cancelled;TINYINT(1);false;0;-
43;rev_1.42.2.1.sql;rev_1.43.sql;t_subscription;Deletion:UpdateTable;contenttimestamp;VARCHAR(50);false;0;-
43;rev_1.42.2.1.sql;rev_1.43.sql;t_subscription;Deletion:UpdateTable;datasetstate;TINYINT;false;0;-
43;rev_1.42.2.1.sql;rev_1.43.sql;t_subscription;Deletion:UpdateTable;destination;VARCHAR(1024);false;0;-
43;rev_1.42.2.1.sql;rev_1.43.sql;t_subscription;Deletion:UpdateTable;hasavailablefiles;TINYINT(1);false;0;-
43;rev_1.42.2.1.sql;rev_1.43.sql;t_subscription;Deletion:UpdateTable;hasdonefiles;TINYINT(1);false;0;-
43;rev_1.42.2.1.sql;rev_1.43.sql;t_subscription;Deletion:UpdateTable;hasholdfiles;TINYINT(1);false;0;-
43;rev_1.42.2.1.sql;rev_1.43.sql;t_subscription;Deletion:UpdateTable;immutable;TINYINT(1);false;0;-
43;rev_1.42.2.1.sql;rev_1.43.sql;t_subscription;Deletion:UpdateTable;locked;TINYINT(1);false;0;-
43;rev_1.42.2.1.sql;rev_1.43.sql;t_subscription;Deletion:UpdateTable;markedcomplete;TINYINT(1);false;0;-
43;rev_1.42.2.1.sql;rev_1.43.sql;t_subscription;Deletion:UpdateTable;markedincomplete;TINYINT(1);false;0;-
43;rev_1.42.2.1.sql;rev_1.43.sql;t_subscription;Deletion:UpdateTable;pickupdate;DATETIME;false;0;-
43;rev_1.42.2.1.sql;rev_1.43.sql;t_subscription;Deletion:UpdateTable;publishdate;DATETIME;false;0;-
43;rev_1.42.2.1.sql;rev_1.43.sql;t_subscription;Deletion:UpdateTable;querymoresources;TINYINT(1);false;0;-
43;rev_1.42.2.1.sql;rev_1.43.sql;t_subscription;Deletion:UpdateTable;queuedsources;TEXT;false;0;-
43;rev_1.42.2.1.sql;rev_1.43.sql;t_subscription;Deletion:UpdateTable;siteid;VARCHAR(50);false;0;-
43;rev_1.42.2.1.sql;rev_1.43.sql;t_subscription;Deletion:UpdateTable;sources;TEXT;false;0;-
43;rev_1.42.2.1.sql;rev_1.43.sql;t_subscription;Deletion:UpdateTable;sourcespolicy;MEDIUMINT;false;0;-
43;rev_1.42.2.1.sql;rev_1.43.sql;t_subscription;Deletion:UpdateTable;sshare;VARCHAR(36);false;0;-
43;rev_1.42.2.1.sql;rev_1.43.sql;t_subscription;Deletion:UpdateTable;subscriptionowner;VARCHAR(1024);false;0;-
43;rev_1.42.2.1.sql;rev_1.43.sql;t_subscription;Deletion:UpdateTable;waitforsources;TINYINT(1);false;0;-
43;rev_1.42.2.1.sql;rev_1.43.sql;t_subscription;Insertion:UpdateTable;files;LONGTEXT;false;0;-
43;rev_1.42.2.1.sql;rev_1.43.sql;t_subscription;Insertion:UpdateTable;nfiles;MEDIUMINT;false;0;-
43;rev_1.42.2.1.sql;rev_1.43.sql;t_subscription_file;Deletion:DeleteTable;creationdate;DATETIME;false;0;-
43;rev_1.42.2.1.sql;rev_1.43.sql;t_subscription_file;Deletion:DeleteTable;guid;VARCHAR(36);false;0;-
43;rev_1.42.2.1.sql;rev_1.43.sql;t_subscription_file;Deletion:DeleteTable;siteid;VARCHAR(50);false;0;-
43;rev_1.42.2.1.sql;rev_1.43.sql;t_subscription_file;Deletion:DeleteTable;uid;VARCHAR(36);false;0;-
43;rev_1.42.2.1.sql;rev_1.43.sql;t_subscription_files_in_transfer;Insertion:NewTable;guid;VARCHAR(36);false;0;-
43;rev_1.42.2.1.sql;rev_1.43.sql;t_subscription_files_in_transfer;Insertion:NewTable;siteid;VARCHAR(50);false;0;-
43;rev_1.42.2.1.sql;rev_1.43.sql;t_subscription_files_in_transfer;Insertion:NewTable;sourcesiteid;VARCHAR(50);false;0;-
43;rev_1.42.2.1.sql;rev_1.43.sql;t_subscription_files_in_transfer;Insertion:NewTable;uid;VARCHAR(36);false;0;-
43;rev_1.42.2.1.sql;rev_1.43.sql;t_transfer_request;Deletion:UpdateTable;locked;TINYINT(1);false;0;-
44;rev_1.43.sql;rev_1.44.sql;-;-;-;-;-;-;-
45;rev_1.44.sql;rev_1.45.0.sql;t_agent;Deletion:DeleteTable;alivedate;DATETIME;false;0;-
45;rev_1.44.sql;rev_1.45.0.sql;t_agent;Deletion:DeleteTable;crashreport;TEXT;false;0;-
45;rev_1.44.sql;rev_1.45.0.sql;t_agent;Deletion:DeleteTable;creationdate;DATETIME;false;0;-
45;rev_1.44.sql;rev_1.45.0.sql;t_agent;Deletion:DeleteTable;family;VARCHAR(36);false;0;-
45;rev_1.44.sql;rev_1.45.0.sql;t_agent;Deletion:DeleteTable;id;MEDIUMINT;false;0;-
45;rev_1.44.sql;rev_1.45.0.sql;t_agent;Deletion:DeleteTable;pid;SMALLINT;false;0;-
45;rev_1.44.sql;rev_1.45.0.sql;t_agent;Deletion:DeleteTable;state;TINYINT;false;0;-
45;rev_1.44.sql;rev_1.45.0.sql;t_agent;Deletion:DeleteTable;stop;TINYINT(1);false;0;-
45;rev_1.44.sql;rev_1.45.0.sql;t_file;Deletion:UpdateTable;active;TINYINT(1);false;0;-
45;rev_1.44.sql;rev_1.45.0.sql;t_file;Deletion:UpdateTable;pickupdate;DATETIME;false;0;-
45;rev_1.44.sql;rev_1.45.0.sql;t_file;Deletion:UpdateTable;report;TEXT;false;0;-
45;rev_1.44.sql;rev_1.45.0.sql;t_file;Update:TypeChange;transferchannel;VARCHAR(512);false;0;-
45;rev_1.44.sql;rev_1.45.0.sql;t_file_catalog_cache;Insertion:NewTable;endpoint;VARCHAR(255);false;0;-
45;rev_1.44.sql;rev_1.45.0.sql;t_file_catalog_cache;Insertion:NewTable;files;LONGTEXT;false;0;-
45;rev_1.44.sql;rev_1.45.0.sql;t_file_catalog_cache;Insertion:NewTable;timestamp;DATETIME;false;0;-
45;rev_1.44.sql;rev_1.45.0.sql;t_file_catalog_cache;Insertion:NewTable;uid;VARCHAR(36);false;0;-
45;rev_1.44.sql;rev_1.45.0.sql;t_nr_callbacks;Deletion:DeleteTable;counter;MEDIUMINT;false;0;-
45;rev_1.44.sql;rev_1.45.0.sql;t_nr_callbacks;Deletion:DeleteTable;host;VARCHAR(50);false;0;-
45;rev_1.44.sql;rev_1.45.0.sql;t_nr_callbacks;Deletion:DeleteTable;protocol;VARCHAR(10);false;0;-
45;rev_1.44.sql;rev_1.45.0.sql;t_nr_files_in_queue;Deletion:DeleteTable;counter;MEDIUMINT;false;0;-
45;rev_1.44.sql;rev_1.45.0.sql;t_nr_files_in_queue;Deletion:DeleteTable;destination;VARCHAR(50);false;0;-
45;rev_1.44.sql;rev_1.45.0.sql;t_nr_files_in_queue;Deletion:DeleteTable;share;VARCHAR(36);false;0;-
45;rev_1.44.sql;rev_1.45.0.sql;t_nr_files_in_queue;Deletion:DeleteTable;source;VARCHAR(50);false;0;-
45;rev_1.44.sql;rev_1.45.0.sql;t_nr_files_in_transfer;Deletion:DeleteTable;counter;MEDIUMINT;false;0;-
45;rev_1.44.sql;rev_1.45.0.sql;t_nr_files_in_transfer;Deletion:DeleteTable;destination;VARCHAR(50);false;0;-
45;rev_1.44.sql;rev_1.45.0.sql;t_nr_files_in_transfer;Deletion:DeleteTable;share;VARCHAR(36);false;0;-
45;rev_1.44.sql;rev_1.45.0.sql;t_nr_files_in_transfer;Deletion:DeleteTable;source;VARCHAR(50);false;0;-
45;rev_1.44.sql;rev_1.45.0.sql;t_nr_requests_to_poll;Deletion:DeleteTable;counter;MEDIUMINT;false;0;-
45;rev_1.44.sql;rev_1.45.0.sql;t_nr_requests_to_poll;Deletion:DeleteTable;destination;VARCHAR(50);false;0;-
45;rev_1.44.sql;rev_1.45.0.sql;t_nr_requests_to_poll;Deletion:DeleteTable;source;VARCHAR(50);false;0;-
45;rev_1.44.sql;rev_1.45.0.sql;t_nr_requests_to_submit;Deletion:DeleteTable;counter;MEDIUMINT;false;0;-
45;rev_1.44.sql;rev_1.45.0.sql;t_nr_requests_to_submit;Deletion:DeleteTable;destination;VARCHAR(50);false;0;-
45;rev_1.44.sql;rev_1.45.0.sql;t_nr_requests_to_submit;Deletion:DeleteTable;source;VARCHAR(50);false;0;-
45;rev_1.44.sql;rev_1.45.0.sql;t_subscription;Insertion:UpdateTable;filestimestamp;DATETIME;false;0;-
45;rev_1.44.sql;rev_1.45.0.sql;t_transfer_request;Deletion:UpdateTable;pickupdate;DATETIME;false;0;-
45;rev_1.44.sql;rev_1.45.0.sql;t_transfer_request;Deletion:UpdateTable;report;TEXT;false;0;-
45;rev_1.44.sql;rev_1.45.0.sql;t_transfer_request;Update:TypeChange;transferchannel;VARCHAR(512);false;0;-
46;rev_1.45.0.sql;rev_1.45.2.1.sql;t_file;Deletion:UpdateTable;destbasepath;VARCHAR(1024);false;0;-
46;rev_1.45.0.sql;rev_1.45.2.1.sql;t_file;Insertion:UpdateTable;report;VARCHAR(1024);false;0;-
46;rev_1.45.0.sql;rev_1.45.2.1.sql;t_file;Insertion:UpdateTable;transferstartdate;DATETIME;false;0;-
46;rev_1.45.0.sql;rev_1.45.2.1.sql;t_history_callbacks;Insertion:NewTable;counter;MEDIUMINT;false;0;-
46;rev_1.45.0.sql;rev_1.45.2.1.sql;t_history_callbacks;Insertion:NewTable;creationdate;DATETIME;false;0;-
46;rev_1.45.0.sql;rev_1.45.2.1.sql;t_history_callbacks;Insertion:NewTable;host;VARCHAR(50);false;0;-
46;rev_1.45.0.sql;rev_1.45.2.1.sql;t_history_callbacks;Insertion:NewTable;protocol;VARCHAR(10);false;0;-
46;rev_1.45.0.sql;rev_1.45.2.1.sql;t_history_file_transfer;Insertion:NewTable;creationdate;DATETIME;false;0;-
46;rev_1.45.0.sql;rev_1.45.2.1.sql;t_history_file_transfer;Insertion:NewTable;dsn;VARCHAR(512);false;0;-
46;rev_1.45.0.sql;rev_1.45.2.1.sql;t_history_file_transfer;Insertion:NewTable;endfinalizationdate;DATETIME;false;0;-
46;rev_1.45.0.sql;rev_1.45.2.1.sql;t_history_file_transfer;Insertion:NewTable;endpreparationdate;DATETIME;false;0;-
46;rev_1.45.0.sql;rev_1.45.2.1.sql;t_history_file_transfer;Insertion:NewTable;endtransferdate;DATETIME;false;0;-
46;rev_1.45.0.sql;rev_1.45.2.1.sql;t_history_file_transfer;Insertion:NewTable;fsize;BIGINT;false;0;-
46;rev_1.45.0.sql;rev_1.45.2.1.sql;t_history_file_transfer;Insertion:NewTable;report;VARCHAR(1024);false;0;-
46;rev_1.45.0.sql;rev_1.45.2.1.sql;t_history_file_transfer;Insertion:NewTable;share;VARCHAR(36);false;0;-
46;rev_1.45.0.sql;rev_1.45.2.1.sql;t_history_file_transfer;Insertion:NewTable;siteid;VARCHAR(50);false;0;-
46;rev_1.45.0.sql;rev_1.45.2.1.sql;t_history_file_transfer;Insertion:NewTable;sourcesiteid;VARCHAR(50);false;0;-
46;rev_1.45.0.sql;rev_1.45.2.1.sql;t_history_file_transfer;Insertion:NewTable;startfinalizaiondate;DATETIME;false;0;-
46;rev_1.45.0.sql;rev_1.45.2.1.sql;t_history_file_transfer;Insertion:NewTable;startpreparationdate;DATETIME;false;0;-
46;rev_1.45.0.sql;rev_1.45.2.1.sql;t_history_file_transfer;Insertion:NewTable;starttransferdate;DATETIME;false;0;-
46;rev_1.45.0.sql;rev_1.45.2.1.sql;t_history_file_transfer;Insertion:NewTable;success;TINYINT(1);false;0;-
46;rev_1.45.0.sql;rev_1.45.2.1.sql;t_history_file_transfer;Insertion:NewTable;toolid;VARCHAR(20);false;0;-
46;rev_1.45.0.sql;rev_1.45.2.1.sql;t_history_files_in_queue;Insertion:NewTable;counter;MEDIUMINT;false;0;-
46;rev_1.45.0.sql;rev_1.45.2.1.sql;t_history_files_in_queue;Insertion:NewTable;creationdate;DATETIME;false;0;-
46;rev_1.45.0.sql;rev_1.45.2.1.sql;t_history_files_in_queue;Insertion:NewTable;share;VARCHAR(36);false;0;-
46;rev_1.45.0.sql;rev_1.45.2.1.sql;t_history_files_in_queue;Insertion:NewTable;siteid;VARCHAR(50);false;0;-
46;rev_1.45.0.sql;rev_1.45.2.1.sql;t_history_files_in_queue;Insertion:NewTable;sourcesiteid;VARCHAR(50);false;0;-
46;rev_1.45.0.sql;rev_1.45.2.1.sql;t_history_files_in_registration;Insertion:NewTable;counter;MEDIUMINT;false;0;-
46;rev_1.45.0.sql;rev_1.45.2.1.sql;t_history_files_in_registration;Insertion:NewTable;creationdate;DATETIME;false;0;-
46;rev_1.45.0.sql;rev_1.45.2.1.sql;t_history_files_in_registration;Insertion:NewTable;siteid;VARCHAR(50);false;0;-
46;rev_1.45.0.sql;rev_1.45.2.1.sql;t_history_files_in_transfer;Insertion:NewTable;counter;MEDIUMINT;false;0;-
46;rev_1.45.0.sql;rev_1.45.2.1.sql;t_history_files_in_transfer;Insertion:NewTable;creationdate;DATETIME;false;0;-
46;rev_1.45.0.sql;rev_1.45.2.1.sql;t_history_files_in_transfer;Insertion:NewTable;share;VARCHAR(36);false;0;-
46;rev_1.45.0.sql;rev_1.45.2.1.sql;t_history_files_in_transfer;Insertion:NewTable;siteid;VARCHAR(50);false;0;-
46;rev_1.45.0.sql;rev_1.45.2.1.sql;t_history_files_in_transfer;Insertion:NewTable;sourcesiteid;VARCHAR(50);false;0;-
46;rev_1.45.0.sql;rev_1.45.2.1.sql;t_history_transfer_request_duration;Insertion:NewTable;creationdate;DATETIME;false;0;-
46;rev_1.45.0.sql;rev_1.45.2.1.sql;t_history_transfer_request_duration;Insertion:NewTable;enddate;DATETIME;false;0;-
46;rev_1.45.0.sql;rev_1.45.2.1.sql;t_history_transfer_request_duration;Insertion:NewTable;nfiles;MEDIUMINT;false;0;-
46;rev_1.45.0.sql;rev_1.45.2.1.sql;t_history_transfer_request_duration;Insertion:NewTable;siteid;VARCHAR(50);false;0;-
46;rev_1.45.0.sql;rev_1.45.2.1.sql;t_history_transfer_request_duration;Insertion:NewTable;sourcesiteid;VARCHAR(50);false;0;-
46;rev_1.45.0.sql;rev_1.45.2.1.sql;t_history_transfer_request_duration;Insertion:NewTable;startdate;DATETIME;false;0;-
46;rev_1.45.0.sql;rev_1.45.2.1.sql;t_history_transfer_requests_pending;Insertion:NewTable;counter;MEDIUMINT;false;0;-
46;rev_1.45.0.sql;rev_1.45.2.1.sql;t_history_transfer_requests_pending;Insertion:NewTable;creationdate;DATETIME;false;0;-
46;rev_1.45.0.sql;rev_1.45.2.1.sql;t_history_transfer_requests_pending;Insertion:NewTable;siteid;VARCHAR(50);false;0;-
46;rev_1.45.0.sql;rev_1.45.2.1.sql;t_history_transfer_requests_pending;Insertion:NewTable;sourcesiteid;VARCHAR(50);false;0;-
46;rev_1.45.0.sql;rev_1.45.2.1.sql;t_history_transfer_requests_submitting;Insertion:NewTable;counter;MEDIUMINT;false;0;-
46;rev_1.45.0.sql;rev_1.45.2.1.sql;t_history_transfer_requests_submitting;Insertion:NewTable;creationdate;DATETIME;false;0;-
46;rev_1.45.0.sql;rev_1.45.2.1.sql;t_history_transfer_requests_submitting;Insertion:NewTable;siteid;VARCHAR(50);false;0;-
46;rev_1.45.0.sql;rev_1.45.2.1.sql;t_history_transfer_requests_submitting;Insertion:NewTable;sourcesiteid;VARCHAR(50);false;0;-
46;rev_1.45.0.sql;rev_1.45.2.1.sql;t_transfer_request;Insertion:UpdateTable;nfiles;MEDIUMINT;false;0;-
47;rev_1.45.2.1.sql;rev_1.46.sql;-;-;-;-;-;-;-
48;rev_1.46.sql;rev_1.47.sql;t_file;Insertion:UpdateTable;active;TINYINT(1);false;0;-
48;rev_1.46.sql;rev_1.47.sql;t_file;Insertion:UpdateTable;transferstatedate;DATETIME;false;0;-
48;rev_1.46.sql;rev_1.47.sql;t_file;Insertion:UpdateTable;transfersubmitdate;DATETIME;false;0;-
48;rev_1.46.sql;rev_1.47.sql;t_file;Deletion:UpdateTable;transferchannel;VARCHAR(512);false;0;-
48;rev_1.46.sql;rev_1.47.sql;t_file;Deletion:UpdateTable;transferstartdate;DATETIME;false;0;-
48;rev_1.46.sql;rev_1.47.sql;t_file_catalog_cache;Insertion:UpdateTable;reset;TINYINT(1);false;0;-
48;rev_1.46.sql;rev_1.47.sql;t_history;Insertion:NewTable;active;TINYINT(1);false;0;-
48;rev_1.46.sql;rev_1.47.sql;t_history_active_to_inactive;Insertion:NewTable;creationdate;DATETIME;false;0;-
48;rev_1.46.sql;rev_1.47.sql;t_history_active_to_inactive;Insertion:NewTable;guid;VARCHAR(36);false;0;-
48;rev_1.46.sql;rev_1.47.sql;t_history_active_to_inactive;Insertion:NewTable;id;MEDIUMINT;false;0;-
48;rev_1.46.sql;rev_1.47.sql;t_history_active_to_inactive;Insertion:NewTable;siteid;VARCHAR(50);false;0;-
48;rev_1.46.sql;rev_1.47.sql;t_history_callbacks;Insertion:UpdateTable;id;MEDIUMINT;false;0;-
48;rev_1.46.sql;rev_1.47.sql;t_history_file_transfer;Deletion:UpdateTable;endfinalizationdate;DATETIME;false;0;-
48;rev_1.46.sql;rev_1.47.sql;t_history_file_transfer;Deletion:UpdateTable;endpreparationdate;DATETIME;false;0;-
48;rev_1.46.sql;rev_1.47.sql;t_history_file_transfer;Deletion:UpdateTable;startfinalizaiondate;DATETIME;false;0;-
48;rev_1.46.sql;rev_1.47.sql;t_history_file_transfer;Deletion:UpdateTable;startpreparationdate;DATETIME;false;0;-
48;rev_1.46.sql;rev_1.47.sql;t_history_file_transfer;Insertion:UpdateTable;id;MEDIUMINT;false;0;-
48;rev_1.46.sql;rev_1.47.sql;t_history_files_in_queue;Insertion:UpdateTable;id;MEDIUMINT;false;0;-
48;rev_1.46.sql;rev_1.47.sql;t_history_files_in_registration;Insertion:UpdateTable;id;MEDIUMINT;false;0;-
48;rev_1.46.sql;rev_1.47.sql;t_history_files_in_transfer;Insertion:UpdateTable;id;MEDIUMINT;false;0;-
48;rev_1.46.sql;rev_1.47.sql;t_history_inactive_to_active;Insertion:NewTable;creationdate;DATETIME;false;0;-
48;rev_1.46.sql;rev_1.47.sql;t_history_inactive_to_active;Insertion:NewTable;guid;VARCHAR(36);false;0;-
48;rev_1.46.sql;rev_1.47.sql;t_history_inactive_to_active;Insertion:NewTable;id;MEDIUMINT;false;0;-
48;rev_1.46.sql;rev_1.47.sql;t_history_inactive_to_active;Insertion:NewTable;siteid;VARCHAR(50);false;0;-
48;rev_1.46.sql;rev_1.47.sql;t_history_inactive_to_active;Insertion:NewTable;starttransferdate;DATETIME;false;0;-
48;rev_1.46.sql;rev_1.47.sql;t_history_transfer_request;Insertion:NewTable;creationdate;DATETIME;false;0;-
48;rev_1.46.sql;rev_1.47.sql;t_history_transfer_request;Insertion:NewTable;enddate;DATETIME;false;0;-
48;rev_1.46.sql;rev_1.47.sql;t_history_transfer_request;Insertion:NewTable;id;MEDIUMINT;false;0;-
48;rev_1.46.sql;rev_1.47.sql;t_history_transfer_request;Insertion:NewTable;nfiles;MEDIUMINT;false;0;-
48;rev_1.46.sql;rev_1.47.sql;t_history_transfer_request;Insertion:NewTable;siteid;VARCHAR(50);false;0;-
48;rev_1.46.sql;rev_1.47.sql;t_history_transfer_request;Insertion:NewTable;sourcesiteid;VARCHAR(50);false;0;-
48;rev_1.46.sql;rev_1.47.sql;t_history_transfer_request;Insertion:NewTable;startdate;DATETIME;false;0;-
48;rev_1.46.sql;rev_1.47.sql;t_history_transfer_request_duration;Deletion:DeleteTable;creationdate;DATETIME;false;0;-
48;rev_1.46.sql;rev_1.47.sql;t_history_transfer_request_duration;Deletion:DeleteTable;enddate;DATETIME;false;0;-
48;rev_1.46.sql;rev_1.47.sql;t_history_transfer_request_duration;Deletion:DeleteTable;nfiles;MEDIUMINT;false;0;-
48;rev_1.46.sql;rev_1.47.sql;t_history_transfer_request_duration;Deletion:DeleteTable;siteid;VARCHAR(50);false;0;-
48;rev_1.46.sql;rev_1.47.sql;t_history_transfer_request_duration;Deletion:DeleteTable;sourcesiteid;VARCHAR(50);false;0;-
48;rev_1.46.sql;rev_1.47.sql;t_history_transfer_request_duration;Deletion:DeleteTable;startdate;DATETIME;false;0;-
48;rev_1.46.sql;rev_1.47.sql;t_history_transfer_requests_pending;Insertion:UpdateTable;id;MEDIUMINT;false;0;-
48;rev_1.46.sql;rev_1.47.sql;t_history_transfer_requests_submitting;Insertion:UpdateTable;id;MEDIUMINT;false;0;-
48;rev_1.46.sql;rev_1.47.sql;t_monitor_transfer_request_poll;Insertion:NewTable;creationdate;DATETIME;false;0;-
48;rev_1.46.sql;rev_1.47.sql;t_monitor_transfer_request_poll;Insertion:NewTable;enddate;DATETIME;false;0;-
48;rev_1.46.sql;rev_1.47.sql;t_monitor_transfer_request_poll;Insertion:NewTable;id;MEDIUMINT;false;0;-
48;rev_1.46.sql;rev_1.47.sql;t_monitor_transfer_request_poll;Insertion:NewTable;nfiles;MEDIUMINT;false;0;-
48;rev_1.46.sql;rev_1.47.sql;t_monitor_transfer_request_poll;Insertion:NewTable;report;VARCHAR(1024);false;0;-
48;rev_1.46.sql;rev_1.47.sql;t_monitor_transfer_request_poll;Insertion:NewTable;siteid;VARCHAR(50);false;0;-
48;rev_1.46.sql;rev_1.47.sql;t_monitor_transfer_request_poll;Insertion:NewTable;sourcesiteid;VARCHAR(50);false;0;-
48;rev_1.46.sql;rev_1.47.sql;t_monitor_transfer_request_poll;Insertion:NewTable;startdate;DATETIME;false;0;-
48;rev_1.46.sql;rev_1.47.sql;t_monitor_transfer_request_poll;Insertion:NewTable;success;TINYINT(1);false;0;-
48;rev_1.46.sql;rev_1.47.sql;t_monitor_transfer_request_poll;Insertion:NewTable;toolid;VARCHAR(20);false;0;-
48;rev_1.46.sql;rev_1.47.sql;t_monitor_transfer_request_poll;Insertion:NewTable;transferchannel;VARCHAR(512);false;0;-
48;rev_1.46.sql;rev_1.47.sql;t_monitor_transfer_request_submit;Insertion:NewTable;creationdate;DATETIME;false;0;-
48;rev_1.46.sql;rev_1.47.sql;t_monitor_transfer_request_submit;Insertion:NewTable;enddate;DATETIME;false;0;-
48;rev_1.46.sql;rev_1.47.sql;t_monitor_transfer_request_submit;Insertion:NewTable;id;MEDIUMINT;false;0;-
48;rev_1.46.sql;rev_1.47.sql;t_monitor_transfer_request_submit;Insertion:NewTable;nfiles;MEDIUMINT;false;0;-
48;rev_1.46.sql;rev_1.47.sql;t_monitor_transfer_request_submit;Insertion:NewTable;report;VARCHAR(1024);false;0;-
48;rev_1.46.sql;rev_1.47.sql;t_monitor_transfer_request_submit;Insertion:NewTable;siteid;VARCHAR(50);false;0;-
48;rev_1.46.sql;rev_1.47.sql;t_monitor_transfer_request_submit;Insertion:NewTable;sourcesiteid;VARCHAR(50);false;0;-
48;rev_1.46.sql;rev_1.47.sql;t_monitor_transfer_request_submit;Insertion:NewTable;startdate;DATETIME;false;0;-
48;rev_1.46.sql;rev_1.47.sql;t_monitor_transfer_request_submit;Insertion:NewTable;success;TINYINT(1);false;0;-
48;rev_1.46.sql;rev_1.47.sql;t_monitor_transfer_request_submit;Insertion:NewTable;toolid;VARCHAR(20);false;0;-
48;rev_1.46.sql;rev_1.47.sql;t_monitor_transfer_request_submit;Insertion:NewTable;transferchannel;VARCHAR(512);false;0;-
48;rev_1.46.sql;rev_1.47.sql;t_subscription;Insertion:UpdateTable;contenttimestamp;VARCHAR(50);false;0;-
48;rev_1.46.sql;rev_1.47.sql;t_subscription;Deletion:UpdateTable;timestamp;VARCHAR(50);false;0;-
49;rev_1.47.sql;rev_1.48.sql;t_history_file_transfer;Insertion:UpdateTable;guid;VARCHAR(36);false;0;-
50;rev_1.48.sql;rev_1.49.sql;t_history;Deletion:DeleteTable;active;TINYINT(1);false;0;-
50;rev_1.48.sql;rev_1.49.sql;t_history_dataset;Insertion:NewTable;creationdate;DATETIME;false;0;-
50;rev_1.48.sql;rev_1.49.sql;t_history_dataset;Insertion:NewTable;dsn;VARCHAR(512);false;0;-
50;rev_1.48.sql;rev_1.49.sql;t_history_dataset;Insertion:NewTable;id;MEDIUMINT;false;0;-
50;rev_1.48.sql;rev_1.49.sql;t_history_dataset;Insertion:NewTable;nfiles;MEDIUMINT;false;0;-
50;rev_1.48.sql;rev_1.49.sql;t_history_dataset;Insertion:NewTable;state;TINYINT;false;0;-
50;rev_1.48.sql;rev_1.49.sql;t_history_dataset;Insertion:NewTable;uid;VARCHAR(36);false;0;-
50;rev_1.48.sql;rev_1.49.sql;t_history_dataset;Insertion:NewTable;version;SMALLINT;false;0;-
50;rev_1.48.sql;rev_1.49.sql;t_history_subscription;Insertion:NewTable;creationdate;DATETIME;false;0;-
50;rev_1.48.sql;rev_1.49.sql;t_history_subscription;Insertion:NewTable;dsn;VARCHAR(512);false;0;-
50;rev_1.48.sql;rev_1.49.sql;t_history_subscription;Insertion:NewTable;id;MEDIUMINT;false;0;-
50;rev_1.48.sql;rev_1.49.sql;t_history_subscription;Insertion:NewTable;siteid;VARCHAR(50);false;0;-
50;rev_1.48.sql;rev_1.49.sql;t_history_subscription;Insertion:NewTable;state;TINYINT;false;0;-
50;rev_1.48.sql;rev_1.49.sql;t_history_subscription;Insertion:NewTable;uid;VARCHAR(36);false;0;-
50;rev_1.48.sql;rev_1.49.sql;t_history_subscription_channel;Insertion:NewTable;creationdate;DATETIME;false;0;-
50;rev_1.48.sql;rev_1.49.sql;t_history_subscription_channel;Insertion:NewTable;dsn;VARCHAR(512);false;0;-
50;rev_1.48.sql;rev_1.49.sql;t_history_subscription_channel;Insertion:NewTable;id;MEDIUMINT;false;0;-
50;rev_1.48.sql;rev_1.49.sql;t_history_subscription_channel;Insertion:NewTable;siteid;VARCHAR(50);false;0;-
50;rev_1.48.sql;rev_1.49.sql;t_history_subscription_channel;Insertion:NewTable;sourcesiteid;VARCHAR(50);false;0;-
50;rev_1.48.sql;rev_1.49.sql;t_history_subscription_channel;Insertion:NewTable;state;TINYINT;false;0;-
50;rev_1.48.sql;rev_1.49.sql;t_history_subscription_channel;Insertion:NewTable;uid;VARCHAR(36);false;0;-
50;rev_1.48.sql;rev_1.49.sql;t_monitor;Insertion:NewTable;active;TINYINT(1);false;0;-
51;rev_1.49.sql;rev_1.50.0.sql;-;-;-;-;-;-;-
52;rev_1.50.0.sql;rev_1.50.2.1.sql;t_blacklist;Update:TypeChange;id;BIGINT;false;0;-
52;rev_1.50.0.sql;rev_1.50.2.1.sql;t_callback;Update:TypeChange;id;BIGINT;false;0;-
52;rev_1.50.0.sql;rev_1.50.2.1.sql;t_file;Update:TypeChange;requestid;BIGINT;false;0;-
52;rev_1.50.0.sql;rev_1.50.2.1.sql;t_history_active_to_inactive;Update:TypeChange;id;BIGINT;false;0;-
52;rev_1.50.0.sql;rev_1.50.2.1.sql;t_history_callbacks;Update:TypeChange;id;BIGINT;false;0;-
52;rev_1.50.0.sql;rev_1.50.2.1.sql;t_history_dataset;Update:TypeChange;id;BIGINT;false;0;-
52;rev_1.50.0.sql;rev_1.50.2.1.sql;t_history_file_transfer;Update:TypeChange;id;BIGINT;false;0;-
52;rev_1.50.0.sql;rev_1.50.2.1.sql;t_history_files_in_queue;Update:TypeChange;id;BIGINT;false;0;-
52;rev_1.50.0.sql;rev_1.50.2.1.sql;t_history_files_in_registration;Update:TypeChange;id;BIGINT;false;0;-
52;rev_1.50.0.sql;rev_1.50.2.1.sql;t_history_files_in_transfer;Update:TypeChange;id;BIGINT;false;0;-
52;rev_1.50.0.sql;rev_1.50.2.1.sql;t_history_inactive_to_active;Update:TypeChange;id;BIGINT;false;0;-
52;rev_1.50.0.sql;rev_1.50.2.1.sql;t_history_subscription;Update:TypeChange;id;BIGINT;false;0;-
52;rev_1.50.0.sql;rev_1.50.2.1.sql;t_history_subscription_channel;Update:TypeChange;id;BIGINT;false;0;-
52;rev_1.50.0.sql;rev_1.50.2.1.sql;t_history_transfer_request;Update:TypeChange;id;BIGINT;false;0;-
52;rev_1.50.0.sql;rev_1.50.2.1.sql;t_history_transfer_requests_pending;Update:TypeChange;id;BIGINT;false;0;-
52;rev_1.50.0.sql;rev_1.50.2.1.sql;t_history_transfer_requests_submitting;Update:TypeChange;id;BIGINT;false;0;-
52;rev_1.50.0.sql;rev_1.50.2.1.sql;t_monitor_transfer_request_poll;Update:TypeChange;id;BIGINT;false;0;-
52;rev_1.50.0.sql;rev_1.50.2.1.sql;t_monitor_transfer_request_submit;Update:TypeChange;id;BIGINT;false;0;-
52;rev_1.50.0.sql;rev_1.50.2.1.sql;t_transfer_request;Update:TypeChange;id;BIGINT;false;0;-
53;rev_1.50.2.1.sql;rev_1.50.2.2.sql;-;-;-;-;-;-;-
54;rev_1.50.2.2.sql;rev_1.51.sql;-;-;-;-;-;-;-
